,learning_time,prediction_time,loss_train,accuracy_test
0,6266.122699737549,70.29326128959656,0.372408006023593,0.8727389078498293
