,learning_time,prediction_time,loss_train,accuracy_test
0,44.540950536727905,0.7966780662536621,3.07857608795166,0.0
