,learning_time,prediction_time,loss_train,accuracy_test
0,15.534662246704102,0.2894279956817627,3.1585235595703125,0.0
