,learning_time,prediction_time,loss_train,accuracy_test
0,52.3642520904541,0.8525888919830322,3.11953067779541,0.0
