,learning_time,prediction_time,loss_train,accuracy_test
0,61.09511756896973,0.8911314010620117,3.1522538661956787,0.0
