,learning_time,prediction_time,loss_train,accuracy_test
0,52.98622274398804,1.3179497718811035,2.905710220336914,0.0
